{
 "tag": "llama31-8b",
 "generator": "llama31-8b",
 "encoder": "sentence-transformers/all-MiniLM-L6-v2",
 "k_samples": 4,
 "retrieval": {
  "bigcodebench": {
   "bm25": {
    "Recall@1": 0.17350877192982456,
    "nDCG@1": 0.45614035087719296,
    "Recall@5": 0.3678216374269006,
    "nDCG@5": 0.3693435043545245,
    "Recall@10": 0.46583333333333327,
    "nDCG@10": 0.41255926080210914,
    "Recall@50": 0.7041374269005847,
    "nDCG@50": 0.4841512873244131
   },
   "hyskill": {
    "Recall@1": 0.16064327485380117,
    "nDCG@1": 0.42543859649122806,
    "Recall@5": 0.4404385964912281,
    "nDCG@5": 0.4095023766621222,
    "Recall@10": 0.5817690058479532,
    "nDCG@10": 0.47081447260940373,
    "Recall@50": 0.8238011695906434,
    "nDCG@50": 0.5460227847391516
   },
   "llm_rerank": {
    "Recall@1": 0.1891374269005848,
    "nDCG@1": 0.49122807017543857,
    "Recall@5": 0.5017105263157895,
    "nDCG@5": 0.4829840770096079,
    "Recall@10": 0.5605116959064328,
    "nDCG@10": 0.5088786571431424,
    "Recall@50": 0.7041374269005847,
    "nDCG@50": 0.5502465062265485
   },
   "naive_passage": {
    "Recall@1": 0.17112573099415204,
    "nDCG@1": 0.44298245614035087,
    "Recall@5": 0.45318713450292397,
    "nDCG@5": 0.4234625096353821,
    "Recall@10": 0.5739619883040935,
    "nDCG@10": 0.477115088567552,
    "Recall@50": 0.8121783625730994,
    "nDCG@50": 0.5508258313902765
   },
   "naive_sentence": {
    "Recall@1": 0.12469298245614033,
    "nDCG@1": 0.3175438596491228,
    "Recall@5": 0.3094152046783626,
    "nDCG@5": 0.29169531629868506,
    "Recall@10": 0.3918859649122807,
    "nDCG@10": 0.3278952214386353,
    "Recall@50": 0.6239035087719298,
    "nDCG@50": 0.3984097866902038
   },
   "naive_skill": {
    "Recall@1": 0.13318713450292397,
    "nDCG@1": 0.3456140350877193,
    "Recall@5": 0.3657456140350877,
    "nDCG@5": 0.3384396644012516,
    "Recall@10": 0.4692543859649122,
    "nDCG@10": 0.3836371215513785,
    "Recall@50": 0.7241374269005848,
    "nDCG@50": 0.4608673446641363
   },
   "routed": {
    "Recall@1": 0.17112573099415204,
    "nDCG@1": 0.44298245614035087,
    "Recall@5": 0.45318713450292397,
    "nDCG@5": 0.4234625096353821,
    "Recall@10": 0.5739619883040935,
    "nDCG@10": 0.477115088567552,
    "Recall@50": 0.8121783625730994,
    "nDCG@50": 0.5508258313902765
   },
   "two_stage": {
    "Recall@1": 0.13574561403508772,
    "nDCG@1": 0.35350877192982455,
    "Recall@5": 0.3825292397660819,
    "nDCG@5": 0.3517839720262585,
    "Recall@10": 0.5015204678362574,
    "nDCG@10": 0.4041155122450816,
    "Recall@50": 0.8238011695906434,
    "nDCG@50": 0.5029544140526293
   }
  },
  "champ": {
   "bm25": {
    "Recall@1": 0.11547085201793722,
    "nDCG@1": 0.17040358744394618,
    "Recall@5": 0.27615844544095663,
    "nDCG@5": 0.21778671043301362,
    "Recall@10": 0.3116591928251121,
    "nDCG@10": 0.23156591926079143,
    "Recall@50": 0.4226457399103139,
    "nDCG@50": 0.2606123232749641
   },
   "hyskill": {
    "Recall@1": 0.13303437967115095,
    "nDCG@1": 0.21076233183856502,
    "Recall@5": 0.36771300448430494,
    "nDCG@5": 0.2844390987103316,
    "Recall@10": 0.54050822122571,
    "nDCG@10": 0.348192809824551,
    "Recall@50": 0.8511210762331838,
    "nDCG@50": 0.4302415862243768
   },
   "llm_rerank": {
    "Recall@1": 0.09454409566517191,
    "nDCG@1": 0.15246636771300448,
    "Recall@5": 0.24028400597907323,
    "nDCG@5": 0.1965496938874149,
    "Recall@10": 0.29260089686098656,
    "nDCG@10": 0.21606385347181128,
    "Recall@50": 0.4226457399103139,
    "nDCG@50": 0.2500530216661586
   },
   "naive_passage": {
    "Recall@1": 0.2006726457399103,
    "nDCG@1": 0.273542600896861,
    "Recall@5": 0.41494768310911806,
    "nDCG@5": 0.3413041070015447,
    "Recall@10": 0.581763826606876,
    "nDCG@10": 0.4035351356676955,
    "Recall@50": 0.9189088191330345,
    "nDCG@50": 0.49371869898315174
   },
   "naive_sentence": {
    "Recall@1": 0.12369207772795218,
    "nDCG@1": 0.17937219730941703,
    "Recall@5": 0.38146487294469356,
    "nDCG@5": 0.28538219399568265,
    "Recall@10": 0.48961136023916296,
    "nDCG@10": 0.32594336642855803,
    "Recall@50": 0.7416292974588938,
    "nDCG@50": 0.39186823735621956
   },
   "naive_skill": {
    "Recall@1": 0.20515695067264575,
    "nDCG@1": 0.2825112107623318,
    "Recall@5": 0.43452914798206277,
    "nDCG@5": 0.35466970725664315,
    "Recall@10": 0.5571001494768311,
    "nDCG@10": 0.40012450011723727,
    "Recall@50": 0.827354260089686,
    "nDCG@50": 0.4746246456359552
   },
   "routed": {
    "Recall@1": 0.2006726457399103,
    "nDCG@1": 0.273542600896861,
    "Recall@5": 0.41494768310911806,
    "nDCG@5": 0.3413041070015447,
    "Recall@10": 0.581763826606876,
    "nDCG@10": 0.4035351356676955,
    "Recall@50": 0.9189088191330345,
    "nDCG@50": 0.49371869898315174
   },
   "two_stage": {
    "Recall@1": 0.20515695067264575,
    "nDCG@1": 0.2825112107623318,
    "Recall@5": 0.43452914798206277,
    "nDCG@5": 0.3548603147625182,
    "Recall@10": 0.5701793721973094,
    "nDCG@10": 0.4053699470205834,
    "Recall@50": 0.8511210762331838,
    "nDCG@50": 0.4811986081890515
   }
  },
  "logicbench": {
   "bm25": {
    "Recall@1": 0.11315789473684211,
    "nDCG@1": 0.11315789473684211,
    "Recall@5": 0.25526315789473686,
    "nDCG@5": 0.1876630062430423,
    "Recall@10": 0.3223684210526316,
    "nDCG@10": 0.20928680225021445,
    "Recall@50": 0.5197368421052632,
    "nDCG@50": 0.25353507746046616
   },
   "hyskill": {
    "Recall@1": 0.05,
    "nDCG@1": 0.05,
    "Recall@5": 0.19605263157894737,
    "nDCG@5": 0.12363663203576589,
    "Recall@10": 0.25526315789473686,
    "nDCG@10": 0.14311526879848718,
    "Recall@50": 0.48157894736842105,
    "nDCG@50": 0.19378206429535882
   },
   "llm_rerank": {
    "Recall@1": 0.14736842105263157,
    "nDCG@1": 0.14736842105263157,
    "Recall@5": 0.35789473684210527,
    "nDCG@5": 0.2588116772544243,
    "Recall@10": 0.39342105263157895,
    "nDCG@10": 0.2705598425997132,
    "Recall@50": 0.5197368421052632,
    "nDCG@50": 0.2974487477522401
   },
   "naive_passage": {
    "Recall@1": 0.038157894736842106,
    "nDCG@1": 0.038157894736842106,
    "Recall@5": 0.1368421052631579,
    "nDCG@5": 0.08975289973790275,
    "Recall@10": 0.20789473684210527,
    "nDCG@10": 0.11269632610689546,
    "Recall@50": 0.34078947368421053,
    "nDCG@50": 0.14199167531827211
   },
   "naive_sentence": {
    "Recall@1": 0.056578947368421055,
    "nDCG@1": 0.056578947368421055,
    "Recall@5": 0.1763157894736842,
    "nDCG@5": 0.11686836232091945,
    "Recall@10": 0.2736842105263158,
    "nDCG@10": 0.1479727748348985,
    "Recall@50": 0.4236842105263158,
    "nDCG@50": 0.1811284852981154
   },
   "naive_skill": {
    "Recall@1": 0.014473684210526316,
    "nDCG@1": 0.014473684210526316,
    "Recall@5": 0.05263157894736842,
    "nDCG@5": 0.0330918694231909,
    "Recall@10": 0.09605263157894736,
    "nDCG@10": 0.04715686241107872,
    "Recall@50": 0.23157894736842105,
    "nDCG@50": 0.07739414976387658
   },
   "routed": {
    "Recall@1": 0.056578947368421055,
    "nDCG@1": 0.056578947368421055,
    "Recall@5": 0.1763157894736842,
    "nDCG@5": 0.11686836232091945,
    "Recall@10": 0.2736842105263158,
    "nDCG@10": 0.1479727748348985,
    "Recall@50": 0.4236842105263158,
    "nDCG@50": 0.1811284852981154
   },
   "two_stage": {
    "Recall@1": 0.014473684210526316,
    "nDCG@1": 0.014473684210526316,
    "Recall@5": 0.08552631578947369,
    "nDCG@5": 0.04861550817656193,
    "Recall@10": 0.15657894736842104,
    "nDCG@10": 0.0714206121409318,
    "Recall@50": 0.48157894736842105,
    "nDCG@50": 0.14220606130848887
   }
  },
  "medcalcbench": {
   "bm25": {
    "Recall@1": 0.25545454545454543,
    "nDCG@1": 0.25545454545454543,
    "Recall@5": 0.4581818181818182,
    "nDCG@5": 0.36062920400498055,
    "Recall@10": 0.57,
    "nDCG@10": 0.3964210539107198,
    "Recall@50": 0.8045454545454546,
    "nDCG@50": 0.4499406606784641
   },