{
 "tag": "deepseek7b",
 "generator": "deepseek7b",
 "encoder": "sentence-transformers/all-MiniLM-L6-v2",
 "k_samples": 4,
 "retrieval": {
  "bigcodebench": {
   "hyskill": {
    "Recall@1": 0.16635964912280699,
    "nDCG@1": 0.4412280701754386,
    "Recall@5": 0.4015058479532164,
    "nDCG@5": 0.3882398357025528,
    "Recall@10": 0.512266081871345,
    "nDCG@10": 0.43633160522036324,
    "Recall@50": 0.7340497076023392,
    "nDCG@50": 0.5034348265894605
   },
   "naive_passage": {
    "Recall@1": 0.12097953216374266,
    "nDCG@1": 0.3201754385964912,
    "Recall@5": 0.31206140350877193,
    "nDCG@5": 0.29432973525487144,
    "Recall@10": 0.41599415204678364,
    "nDCG@10": 0.33997351994370845,
    "Recall@50": 0.6501754385964912,
    "nDCG@50": 0.41040567655071863
   },
   "naive_sentence": {
    "Recall@1": 0.07649122807017544,
    "nDCG@1": 0.2,
    "Recall@5": 0.1806578947368421,
    "nDCG@5": 0.17344340140134584,
    "Recall@10": 0.241359649122807,
    "nDCG@10": 0.19938576462272245,
    "Recall@50": 0.41369883040935673,
    "nDCG@50": 0.251066102936697
   },
   "naive_skill": {
    "Recall@1": 0.10026315789473683,
    "nDCG@1": 0.26842105263157895,
    "Recall@5": 0.280672514619883,
    "nDCG@5": 0.25955443571579734,
    "Recall@10": 0.36647660818713446,
    "nDCG@10": 0.2974220336202376,
    "Recall@50": 0.5880701754385965,
    "nDCG@50": 0.3639723969875281
   },
   "routed": {
    "Recall@1": 0.16635964912280699,
    "nDCG@1": 0.4412280701754386,
    "Recall@5": 0.4015058479532164,
    "nDCG@5": 0.3882398357025528,
    "Recall@10": 0.512266081871345,
    "nDCG@10": 0.43633160522036324,
    "Recall@50": 0.7340497076023392,
    "nDCG@50": 0.5034348265894605
   },
   "two_stage": {
    "Recall@1": 0.11198830409356725,
    "nDCG@1": 0.29912280701754385,
    "Recall@5": 0.3403801169590643,
    "nDCG@5": 0.3097837862028539,
    "Recall@10": 0.4568421052631578,
    "nDCG@10": 0.3605297603421823,
    "Recall@50": 0.7340497076023392,
    "nDCG@50": 0.44377733107000233
   }
  },
  "champ": {
   "hyskill": {
    "Recall@1": 0.060911808669656196,
    "nDCG@1": 0.09865470852017937,
    "Recall@5": 0.21748878923766815,
    "nDCG@5": 0.15995618079527424,
    "Recall@10": 0.336322869955157,
    "nDCG@10": 0.20222421863710655,
    "Recall@50": 0.5014947683109118,
    "nDCG@50": 0.24501333536496345
   },
   "naive_passage": {
    "Recall@1": 0.04857997010463379,
    "nDCG@1": 0.05829596412556054,
    "Recall@5": 0.12630792227204782,
    "nDCG@5": 0.09713082105669353,
    "Recall@10": 0.18400597907324365,
    "nDCG@10": 0.11969110071513059,
    "Recall@50": 0.34185351270553066,
    "nDCG@50": 0.15854870275426408
   },
   "naive_sentence": {
    "Recall@1": 0.044469357249626314,
    "nDCG@1": 0.06726457399103139,
    "Recall@5": 0.17750373692077726,
    "nDCG@5": 0.12226039642555912,
    "Recall@10": 0.24252615844544093,
    "nDCG@10": 0.14620223913791702,
    "Recall@50": 0.42982062780269054,
    "nDCG@50": 0.1951673670010171
   },
   "naive_skill": {
    "Recall@1": 0.02765321375186846,
    "nDCG@1": 0.04035874439461883,
    "Recall@5": 0.08968609865470852,
    "nDCG@5": 0.06609777666634113,
    "Recall@10": 0.11846038863976083,
    "nDCG@10": 0.07687602834328901,
    "Recall@50": 0.19970104633781763,
    "nDCG@50": 0.09679928074839236
   },
   "routed": {
    "Recall@1": 0.060911808669656196,
    "nDCG@1": 0.09865470852017937,
    "Recall@5": 0.21748878923766815,
    "nDCG@5": 0.15995618079527424,
    "Recall@10": 0.336322869955157,
    "nDCG@10": 0.20222421863710655,
    "Recall@50": 0.5014947683109118,
    "nDCG@50": 0.24501333536496345
   },
   "two_stage": {
    "Recall@1": 0.03811659192825112,
    "nDCG@1": 0.053811659192825115,
    "Recall@5": 0.1068759342301943,
    "nDCG@5": 0.08161410000616982,
    "Recall@10": 0.12518684603886396,
    "nDCG@10": 0.0888288564056549,
    "Recall@50": 0.5014947683109118,
    "nDCG@50": 0.18013127223789813
   }
  },
  "logicbench": {
   "hyskill": {
    "Recall@1": 0.06710526315789474,
    "nDCG@1": 0.06710526315789474,
    "Recall@5": 0.18552631578947368,
    "nDCG@5": 0.12529004599376503,
    "Recall@10": 0.25526315789473686,
    "nDCG@10": 0.14820756431742851,
    "Recall@50": 0.44342105263157894,
    "nDCG@50": 0.1895404710744913
   },
   "naive_passage": {
    "Recall@1": 0.0,
    "nDCG@1": 0.0,
    "Recall@5": 0.0,
    "nDCG@5": 0.0,
    "Recall@10": 0.0,
    "nDCG@10": 0.0,
    "Recall@50": 0.002631578947368421,
    "nDCG@50": 0.0005866036657247726
   },
   "naive_sentence": {
    "Recall@1": 0.0013157894736842105,
    "nDCG@1": 0.0013157894736842105,
    "Recall@5": 0.002631578947368421,
    "nDCG@5": 0.001973684210526316,
    "Recall@10": 0.003947368421052632,
    "nDCG@10": 0.0024423778777737134,
    "Recall@50": 0.014473684210526316,
    "nDCG@50": 0.00441648340341149
   },
   "naive_skill": {
    "Recall@1": 0.0,
    "nDCG@1": 0.0,
    "Recall@5": 0.0,
    "nDCG@5": 0.0,
    "Recall@10": 0.0,
    "nDCG@10": 0.0,
    "Recall@50": 0.002631578947368421,
    "nDCG@50": 0.0005725963950661386
   },
   "routed": {
    "Recall@1": 0.06710526315789474,
    "nDCG@1": 0.06710526315789474,
    "Recall@5": 0.18552631578947368,
    "nDCG@5": 0.12529004599376503,
    "Recall@10": 0.25526315789473686,
    "nDCG@10": 0.14820756431742851,
    "Recall@50": 0.44342105263157894,
    "nDCG@50": 0.1895404710744913
   },
   "two_stage": {
    "Recall@1": 0.0,
    "nDCG@1": 0.0,
    "Recall@5": 0.0,
    "nDCG@5": 0.0,
    "Recall@10": 0.002631578947368421,
    "nDCG@10": 0.0008771929824561403,
    "Recall@50": 0.44342105263157894,
    "nDCG@50": 0.08635797436237864
   }
  },
  "medcalcbench": {
   "hyskill": {
    "Recall@1": 0.3927272727272727,
    "nDCG@1": 0.3927272727272727,
    "Recall@5": 0.649090909090909,
    "nDCG@5": 0.5298047939864426,
    "Recall@10": 0.7518181818181818,
    "nDCG@10": 0.5628928672585211,
    "Recall@50": 0.9063636363636364,
    "nDCG@50": 0.5986923947190165
   },
   "naive_passage": {
    "Recall@1": 0.25181818181818183,
    "nDCG@1": 0.25181818181818183,
    "Recall@5": 0.5572727272727273,
    "nDCG@5": 0.41473872456228567,
    "Recall@10": 0.6672727272727272,
    "nDCG@10": 0.4505118593550105,
    "Recall@50": 0.8418181818181818,
    "nDCG@50": 0.49075510693181196
   },
   "naive_sentence": {
    "Recall@1": 0.2190909090909091,
    "nDCG@1": 0.2190909090909091,
    "Recall@5": 0.5209090909090909,
    "nDCG@5": 0.37950327380551213,
    "Recall@10": 0.6190909090909091,
    "nDCG@10": 0.4113750495200197,
    "Recall@50": 0.8209090909090909,
    "nDCG@50": 0.45778461925847586
   },
   "naive_skill": {
    "Recall@1": 0.24272727272727274,
    "nDCG@1": 0.24272727272727274,
    "Recall@5": 0.47,
    "nDCG@5": 0.364461227964996,
    "Recall@10": 0.5745454545454546,
    "nDCG@10": 0.39852484698551405,
    "Recall@50": 0.7818181818181819,
    "nDCG@50": 0.4458989008019608
   },
   "routed": {
    "Recall@1": 0.3927272727272727,
    "nDCG@1": 0.3927272727272727,
    "Recall@5": 0.649090909090909,
    "nDCG@5": 0.5298047939864426,
    "Recall@10": 0.7518181818181818,
    "nDCG@10": 0.5628928672585211,
    "Recall@50": 0.9063636363636364,
    "nDCG@50": 0.5986923947190165
   },
   "two_stage": {
    "Recall@1": 0.24818181818181817,
    "nDCG@1": 0.24818181818181817,
    "Recall@5": 0.5245454545454545,
    "nDCG@5": 0.3934027934370976,
    "Recall@10": 0.6745454545454546,
    "nDCG@10": 0.44196597881357524,
    "Recall@50": 0.9063636363636364,
    "nDCG@50": 0.4965855240466686
   }
  },
  "theoremqa": {
   "bm25": {
    "Recall@1": 0.4578313253012048,
    "nDCG@1": 0.4578313253012048,
    "Recall@5": 0.6198125836680054,
    "nDCG@5": 0.5468885007193139,
    "Recall@10": 0.6613119143239625,
    "nDCG@10": 0.5603566004627217,
    "Recall@50": 0.7402945113788487,
    "nDCG@50": 0.5778202215117496
   },
   "hyskill": {
    "Recall@1": 0.4457831325301205,
    "nDCG@1": 0.4457831325301205,
    "Recall@5": 0.6519410977242303,
    "nDCG@5": 0.5550292890380754,
    "Recall@10": 0.6974564926372155,