{"bootstrap_samples":10000,"bootstrap_seed":0,"comparisons":{"gated_vs_always_seven_model":{"arm_a":"routed_gated","arm_b":"routed_always","schema_version":"k2-answer-paired-comparison-v1","split":"heldout","statistics":{"by_domain":{"champ":{"bootstrap_samples":10000,"ci95":[-0.12290502793296089,0.01675977653631285],"difference_k_minus_k4":-0.05027932960893855,"mean_k":0.2849162011173184,"mean_k4":0.33519553072625696,"n":179,"p_two_sided":0.179,"seed":8179711153644687389},"logicbench":{"bootstrap_samples":10000,"ci95":[0.10855263157894737,0.20230263157894737],"difference_k_minus_k4":0.15460526315789475,"mean_k":0.587171052631579,"mean_k4":0.43256578947368424,"n":608,"p_two_sided":0.0,"seed":5465236457192595631},"medcalcbench":{"bootstrap_samples":10000,"ci95":[-0.035227272727272725,0.026136363636363635],"difference_k_minus_k4":-0.004545454545454545,"mean_k":0.45795454545454545,"mean_k4":0.4625,"n":880,"p_two_sided":0.801,"seed":5664992079057306684},"theoremqa":{"bootstrap_samples":10000,"ci95":[-0.046822742474916385,0.02508361204013378],"difference_k_minus_k4":-0.010033444816053512,"mean_k":0.28762541806020064,"mean_k4":0.2976588628762542,"n":598,"p_two_sided":0.6106,"seed":1369493956533317144}},"pooled_instances":{"bootstrap_samples":10000,"ci95":[0.012803532008830023,0.054304635761589407],"difference_k_minus_k4":0.033112582781456956,"mean_k":0.43399558498896246,"mean_k4":0.4008830022075055,"n":2265,"p_two_sided":0.0016,"seed":7176532453579316306}}}},"model":"yi15-9b","schema_version":"k2-public-significance-v1","source_sha256":"4547f8e49996e36c84df15457ec3e5560b42bd174b97b3ab476fc62d15333a4c","split":"heldout"}
