{
 "tag": "glm4-9b",
 "generator": "glm4-9b",
 "encoder": "sentence-transformers/all-MiniLM-L6-v2",
 "k_samples": 4,
 "retrieval": {
  "bigcodebench": {
   "bm25": {
    "Recall@1": 0.17350877192982456,
    "nDCG@1": 0.45614035087719296,
    "Recall@5": 0.3678216374269006,
    "nDCG@5": 0.3693435043545245,
    "Recall@10": 0.46583333333333327,
    "nDCG@10": 0.41255926080210914,
    "Recall@50": 0.7041374269005847,
    "nDCG@50": 0.4841512873244131
   },
   "hyskill": {
    "Recall@1": 0.19086257309941518,
    "nDCG@1": 0.5017543859649123,
    "Recall@5": 0.48333333333333334,
    "nDCG@5": 0.4590437212748786,
    "Recall@10": 0.6060672514619884,
    "nDCG@10": 0.5129961224158547,
    "Recall@50": 0.8140643274853802,
    "nDCG@50": 0.5777661828430879
   },
   "llm_rerank": {
    "Recall@1": 0.22771929824561404,
    "nDCG@1": 0.5903508771929824,
    "Recall@5": 0.5762134502923976,
    "nDCG@5": 0.5576293079997018,
    "Recall@10": 0.6274707602339181,
    "nDCG@10": 0.5806307592532144,
    "Recall@50": 0.7041374269005847,
    "nDCG@50": 0.6028596364223789
   },
   "naive_passage": {
    "Recall@1": 0.17847953216374265,
    "nDCG@1": 0.4605263157894737,
    "Recall@5": 0.4522076023391813,
    "nDCG@5": 0.4305600198370753,
    "Recall@10": 0.5601754385964911,
    "nDCG@10": 0.47814330028965996,
    "Recall@50": 0.7939473684210525,
    "nDCG@50": 0.5498822964346538
   },
   "naive_sentence": {
    "Recall@1": 0.06978070175438596,
    "nDCG@1": 0.17982456140350878,
    "Recall@5": 0.16608187134502925,
    "nDCG@5": 0.1579580666387198,
    "Recall@10": 0.22419590643274853,
    "nDCG@10": 0.18329602410223456,
    "Recall@50": 0.37826023391812863,
    "nDCG@50": 0.2289713609362277
   },
   "naive_skill": {
    "Recall@1": 0.1365204678362573,
    "nDCG@1": 0.356140350877193,
    "Recall@5": 0.3651608187134503,
    "nDCG@5": 0.34051721622020265,
    "Recall@10": 0.4695614035087719,
    "nDCG@10": 0.3862165370573307,
    "Recall@50": 0.7045029239766082,
    "nDCG@50": 0.45713649318620514
   },
   "routed": {
    "Recall@1": 0.19086257309941518,
    "nDCG@1": 0.5017543859649123,
    "Recall@5": 0.48333333333333334,
    "nDCG@5": 0.4590437212748786,
    "Recall@10": 0.6060672514619884,
    "nDCG@10": 0.5129961224158547,
    "Recall@50": 0.8140643274853802,
    "nDCG@50": 0.5777661828430879
   },
   "two_stage": {
    "Recall@1": 0.1455409356725146,
    "nDCG@1": 0.3780701754385965,
    "Recall@5": 0.41128654970760237,
    "nDCG@5": 0.3768392756545283,
    "Recall@10": 0.5359356725146199,
    "nDCG@10": 0.43176243964320826,
    "Recall@50": 0.8140643274853802,
    "nDCG@50": 0.5208754031018513
   }
  },
  "champ": {
   "hyskill": {
    "Recall@1": 0.13041853512705529,
    "nDCG@1": 0.19730941704035873,
    "Recall@5": 0.32997010463378174,
    "nDCG@5": 0.2690892163997797,
    "Recall@10": 0.41106128550074733,
    "nDCG@10": 0.29895615197821396,
    "Recall@50": 0.683408071748879,
    "nDCG@50": 0.36864115144332915
   },
   "naive_passage": {
    "Recall@1": 0.18049327354260086,
    "nDCG@1": 0.2600896860986547,
    "Recall@5": 0.45657698056801194,
    "nDCG@5": 0.35578681054670586,
    "Recall@10": 0.5757847533632288,
    "nDCG@10": 0.3986197217162468,
    "Recall@50": 0.8774289985052316,
    "nDCG@50": 0.47986769977346094
   },
   "naive_sentence": {
    "Recall@1": 0.11920777279521673,
    "nDCG@1": 0.16591928251121077,
    "Recall@5": 0.33370702541106123,
    "nDCG@5": 0.25146763248863113,
    "Recall@10": 0.4448430493273542,
    "nDCG@10": 0.2918043151866778,
    "Recall@50": 0.6378176382660687,
    "nDCG@50": 0.3440105609978302
   },
   "naive_skill": {
    "Recall@1": 0.18124065769805678,
    "nDCG@1": 0.2645739910313901,
    "Recall@5": 0.36958146487294463,
    "nDCG@5": 0.3118811742842489,
    "Recall@10": 0.493796711509716,
    "nDCG@10": 0.3573600266688778,
    "Recall@50": 0.7093423019431988,
    "nDCG@50": 0.41566849474702583
   },
   "routed": {
    "Recall@1": 0.18049327354260086,
    "nDCG@1": 0.2600896860986547,
    "Recall@5": 0.45657698056801194,
    "nDCG@5": 0.35578681054670586,
    "Recall@10": 0.5757847533632288,
    "nDCG@10": 0.3986197217162468,
    "Recall@50": 0.8774289985052316,
    "nDCG@50": 0.47986769977346094
   },
   "two_stage": {
    "Recall@1": 0.17600896860986548,
    "nDCG@1": 0.2600896860986547,
    "Recall@5": 0.38639760837070247,
    "nDCG@5": 0.31540907382674327,
    "Recall@10": 0.5044095665171898,
    "nDCG@10": 0.3598628199569246,
    "Recall@50": 0.683408071748879,
    "nDCG@50": 0.41061080185075544
   }
  },
  "logicbench": {
   "bm25": {
    "Recall@1": 0.11315789473684211,
    "nDCG@1": 0.11315789473684211,
    "Recall@5": 0.25526315789473686,
    "nDCG@5": 0.1876630062430423,
    "Recall@10": 0.3223684210526316,
    "nDCG@10": 0.20928680225021445,
    "Recall@50": 0.5197368421052632,
    "nDCG@50": 0.25353507746046616
   },
   "hyskill": {
    "Recall@1": 0.039473684210526314,
    "nDCG@1": 0.039473684210526314,
    "Recall@5": 0.125,
    "nDCG@5": 0.08165844477960907,
    "Recall@10": 0.21842105263157896,
    "nDCG@10": 0.11200386477447304,
    "Recall@50": 0.4052631578947368,
    "nDCG@50": 0.153492829228111
   },
   "llm_rerank": {
    "Recall@1": 0.1868421052631579,
    "nDCG@1": 0.1868421052631579,
    "Recall@5": 0.38552631578947366,
    "nDCG@5": 0.2900855294653904,
    "Recall@10": 0.41842105263157897,
    "nDCG@10": 0.3010153060685283,
    "Recall@50": 0.5197368421052632,
    "nDCG@50": 0.32215107816004956
   },
   "naive_passage": {
    "Recall@1": 0.034210526315789476,
    "nDCG@1": 0.034210526315789476,
    "Recall@5": 0.12105263157894737,
    "nDCG@5": 0.08056033866390484,
    "Recall@10": 0.17763157894736842,
    "nDCG@10": 0.09884030624077235,
    "Recall@50": 0.34078947368421053,
    "nDCG@50": 0.13418261519603558
   },
   "naive_sentence": {
    "Recall@1": 0.0,
    "nDCG@1": 0.0,
    "Recall@5": 0.046052631578947366,
    "nDCG@5": 0.02084517108843145,
    "Recall@10": 0.0868421052631579,
    "nDCG@10": 0.033649701749136604,
    "Recall@50": 0.17894736842105263,
    "nDCG@50": 0.053851307054385365
   },
   "naive_skill": {
    "Recall@1": 0.0,
    "nDCG@1": 0.0,
    "Recall@5": 0.0,
    "nDCG@5": 0.0,
    "Recall@10": 0.0,
    "nDCG@10": 0.0,
    "Recall@50": 0.010526315789473684,
    "nDCG@50": 0.002228219422850341
   },
   "routed": {
    "Recall@1": 0.039473684210526314,
    "nDCG@1": 0.039473684210526314,
    "Recall@5": 0.125,
    "nDCG@5": 0.08165844477960907,
    "Recall@10": 0.21842105263157896,
    "nDCG@10": 0.11200386477447304,
    "Recall@50": 0.4052631578947368,
    "nDCG@50": 0.153492829228111
   },
   "two_stage": {
    "Recall@1": 0.0,
    "nDCG@1": 0.0,
    "Recall@5": 0.002631578947368421,
    "nDCG@5": 0.0010756965332999141,
    "Recall@10": 0.010526315789473684,
    "nDCG@10": 0.0034855091199557753,
    "Recall@50": 0.4052631578947368,
    "nDCG@50": 0.0848981306043834
   }
  },
  "medcalcbench": {
   "hyskill": {
    "Recall@1": 0.5836363636363636,
    "nDCG@1": 0.5836363636363636,
    "Recall@5": 0.8845454545454545,
    "nDCG@5": 0.7434787674814269,
    "Recall@10": 0.9609090909090909,
    "nDCG@10": 0.7691582948140333,
    "Recall@50": 1.0,
    "nDCG@50": 0.7785384996935166
   },
   "naive_passage": {
    "Recall@1": 0.7345454545454545,
    "nDCG@1": 0.7345454545454545,
    "Recall@5": 0.8327272727272728,
    "nDCG@5": 0.789102996642328,
    "Recall@10": 0.8409090909090909,
    "nDCG@10": 0.7918524085098813,
    "Recall@50": 0.860909090909091,
    "nDCG@50": 0.7961147690920963
   },
   "naive_sentence": {
    "Recall@1": 0.7518181818181818,
    "nDCG@1": 0.7518181818181818,
    "Recall@5": 0.8372727272727273,
    "nDCG@5": 0.7984436891993514,
    "Recall@10": 0.8518181818181818,
    "nDCG@10": 0.8031974591709798,
    "Recall@50": 0.8827272727272727,
    "nDCG@50": 0.8099358105574693
   },
   "naive_skill": {
    "Recall@1": 0.8927272727272727,
    "nDCG@1": 0.8927272727272727,
    "Recall@5": 0.98,
    "nDCG@5": 0.9407552485662526,
    "Recall@10": 0.99,