{
 "tag": "mistral7b",
 "generator": "mistral7b",
 "encoder": "sentence-transformers/all-MiniLM-L6-v2",
 "k_samples": 4,
 "retrieval": {
  "bigcodebench": {
   "bm25": {
    "Recall@1": 0.17350877192982456,
    "nDCG@1": 0.45614035087719296,
    "Recall@5": 0.3678216374269006,
    "nDCG@5": 0.3693435043545245,
    "Recall@10": 0.46583333333333327,
    "nDCG@10": 0.41255926080210914,
    "Recall@50": 0.7041374269005847,
    "nDCG@50": 0.4841512873244131
   },
   "hyskill": {
    "Recall@1": 0.16845029239766082,
    "nDCG@1": 0.4473684210526316,
    "Recall@5": 0.46222222222222226,
    "nDCG@5": 0.4315093850404778,
    "Recall@10": 0.5991228070175438,
    "nDCG@10": 0.4912467944712687,
    "Recall@50": 0.8418859649122807,
    "nDCG@50": 0.567371089620202
   },
   "llm_rerank": {
    "Recall@1": 0.21397660818713451,
    "nDCG@1": 0.5596491228070175,
    "Recall@5": 0.537719298245614,
    "nDCG@5": 0.5244404473153673,
    "Recall@10": 0.60296783625731,
    "nDCG@10": 0.5533267717007818,
    "Recall@50": 0.7041374269005847,
    "nDCG@50": 0.5833794275559215
   },
   "naive_passage": {
    "Recall@1": 0.16998538011695905,
    "nDCG@1": 0.43859649122807015,
    "Recall@5": 0.4520760233918128,
    "nDCG@5": 0.422333257058658,
    "Recall@10": 0.5610526315789472,
    "nDCG@10": 0.4709554907498234,
    "Recall@50": 0.8080263157894737,
    "nDCG@50": 0.5469862041985093
   },
   "naive_sentence": {
    "Recall@1": 0.13735380116959062,
    "nDCG@1": 0.35789473684210527,
    "Recall@5": 0.36416666666666664,
    "nDCG@5": 0.33932374053019776,
    "Recall@10": 0.46175438596491225,
    "nDCG@10": 0.38229192030175113,
    "Recall@50": 0.7248391812865497,
    "nDCG@50": 0.4617713351402232
   },
   "naive_skill": {
    "Recall@1": 0.15380116959064327,
    "nDCG@1": 0.3991228070175439,
    "Recall@5": 0.39517543859649124,
    "nDCG@5": 0.3736806860289818,
    "Recall@10": 0.49589181286549705,
    "nDCG@10": 0.41810911597285005,
    "Recall@50": 0.7413304093567251,
    "nDCG@50": 0.4924242057631924
   },
   "routed": {
    "Recall@1": 0.16845029239766082,
    "nDCG@1": 0.4473684210526316,
    "Recall@5": 0.46222222222222226,
    "nDCG@5": 0.4315093850404778,
    "Recall@10": 0.5991228070175438,
    "nDCG@10": 0.4912467944712687,
    "Recall@50": 0.8418859649122807,
    "nDCG@50": 0.567371089620202
   },
   "two_stage": {
    "Recall@1": 0.15760233918128655,
    "nDCG@1": 0.40964912280701754,
    "Recall@5": 0.41409356725146196,
    "nDCG@5": 0.3902520801522024,
    "Recall@10": 0.5349415204678362,
    "nDCG@10": 0.44353534939881345,
    "Recall@50": 0.8418859649122807,
    "nDCG@50": 0.5392047184846914
   }
  },
  "champ": {
   "bm25": {
    "Recall@1": 0.11547085201793722,
    "nDCG@1": 0.17040358744394618,
    "Recall@5": 0.27615844544095663,
    "nDCG@5": 0.21778671043301362,
    "Recall@10": 0.3116591928251121,
    "nDCG@10": 0.23156591926079143,
    "Recall@50": 0.4226457399103139,
    "nDCG@50": 0.2606123232749641
   },
   "hyskill": {
    "Recall@1": 0.1446188340807175,
    "nDCG@1": 0.2242152466367713,
    "Recall@5": 0.34379671150971597,
    "nDCG@5": 0.27872517754052967,
    "Recall@10": 0.42301943198804187,
    "nDCG@10": 0.3091490509776445,
    "Recall@50": 0.7125560538116592,
    "nDCG@50": 0.3816213545355488
   },
   "llm_rerank": {
    "Recall@1": 0.13789237668161433,
    "nDCG@1": 0.21973094170403587,
    "Recall@5": 0.29260089686098656,
    "nDCG@5": 0.24588953494812438,
    "Recall@10": 0.34080717488789236,
    "nDCG@10": 0.26393701367646477,
    "Recall@50": 0.4226457399103139,
    "nDCG@50": 0.28536342906381273
   },
   "naive_passage": {
    "Recall@1": 0.17750373692077726,
    "nDCG@1": 0.2645739910313901,
    "Recall@5": 0.39402092675635275,
    "nDCG@5": 0.3219002667935001,
    "Recall@10": 0.5494768310911808,
    "nDCG@10": 0.3793548121491092,
    "Recall@50": 0.8825112107623319,
    "nDCG@50": 0.46786105414657075
   },
   "naive_sentence": {
    "Recall@1": 0.1902092675635276,
    "nDCG@1": 0.27802690582959644,
    "Recall@5": 0.40986547085201797,
    "nDCG@5": 0.3356204310385003,
    "Recall@10": 0.5505231689088191,
    "nDCG@10": 0.38704802716266706,
    "Recall@50": 0.849252615844544,
    "nDCG@50": 0.4667935174662317
   },
   "naive_skill": {
    "Recall@1": 0.18161434977578475,
    "nDCG@1": 0.273542600896861,
    "Recall@5": 0.40351270553064267,
    "nDCG@5": 0.3267444395455627,
    "Recall@10": 0.5257100149476831,
    "nDCG@10": 0.3717888673941416,
    "Recall@50": 0.8073991031390135,
    "nDCG@50": 0.4470885975008446
   },
   "routed": {
    "Recall@1": 0.1902092675635276,
    "nDCG@1": 0.27802690582959644,
    "Recall@5": 0.40986547085201797,
    "nDCG@5": 0.3356204310385003,
    "Recall@10": 0.5505231689088191,
    "nDCG@10": 0.38704802716266706,
    "Recall@50": 0.849252615844544,
    "nDCG@50": 0.4667935174662317
   },
   "two_stage": {
    "Recall@1": 0.17713004484304934,
    "nDCG@1": 0.26905829596412556,
    "Recall@5": 0.4057548579970104,
    "nDCG@5": 0.3255276295129039,
    "Recall@10": 0.5432735426008969,
    "nDCG@10": 0.37627074491542944,
    "Recall@50": 0.7125560538116592,
    "nDCG@50": 0.4243222739663747
   }
  },
  "logicbench": {
   "bm25": {
    "Recall@1": 0.11315789473684211,
    "nDCG@1": 0.11315789473684211,
    "Recall@5": 0.25526315789473686,
    "nDCG@5": 0.1876630062430423,
    "Recall@10": 0.3223684210526316,
    "nDCG@10": 0.20928680225021445,
    "Recall@50": 0.5197368421052632,
    "nDCG@50": 0.25353507746046616
   },
   "hyskill": {
    "Recall@1": 0.018421052631578946,
    "nDCG@1": 0.018421052631578946,
    "Recall@5": 0.1,
    "nDCG@5": 0.0583289059808317,
    "Recall@10": 0.16842105263157894,
    "nDCG@10": 0.08022760653912979,
    "Recall@50": 0.3960526315789474,
    "nDCG@50": 0.1303517051070383
   },
   "llm_rerank": {
    "Recall@1": 0.12368421052631579,
    "nDCG@1": 0.12368421052631579,
    "Recall@5": 0.33157894736842103,
    "nDCG@5": 0.23530521084685768,
    "Recall@10": 0.36447368421052634,
    "nDCG@10": 0.2460480270224533,
    "Recall@50": 0.5197368421052632,
    "nDCG@50": 0.2782731563814315
   },
   "naive_passage": {
    "Recall@1": 0.02631578947368421,
    "nDCG@1": 0.02631578947368421,
    "Recall@5": 0.07105263157894737,
    "nDCG@5": 0.04954019110548726,
    "Recall@10": 0.1394736842105263,
    "nDCG@10": 0.07143746648943138,
    "Recall@50": 0.30657894736842106,
    "nDCG@50": 0.10754393008735344
   },
   "naive_sentence": {
    "Recall@1": 0.011842105263157895,
    "nDCG@1": 0.011842105263157895,
    "Recall@5": 0.06184210526315789,
    "nDCG@5": 0.03724201056649641,
    "Recall@10": 0.08947368421052632,
    "nDCG@10": 0.04590588886529017,
    "Recall@50": 0.20921052631578949,
    "nDCG@50": 0.07204715378210892
   },
   "naive_skill": {
    "Recall@1": 0.0013157894736842105,
    "nDCG@1": 0.0013157894736842105,
    "Recall@5": 0.011842105263157895,
    "nDCG@5": 0.006602345474744736,
    "Recall@10": 0.02236842105263158,
    "nDCG@10": 0.009969928772262819,
    "Recall@50": 0.09473684210526316,
    "nDCG@50": 0.025023406994198298
   },
   "routed": {
    "Recall@1": 0.018421052631578946,
    "nDCG@1": 0.018421052631578946,
    "Recall@5": 0.1,
    "nDCG@5": 0.0583289059808317,
    "Recall@10": 0.16842105263157894,
    "nDCG@10": 0.08022760653912979,
    "Recall@50": 0.3960526315789474,
    "nDCG@50": 0.1303517051070383
   },
   "two_stage": {
    "Recall@1": 0.0013157894736842105,
    "nDCG@1": 0.0013157894736842105,
    "Recall@5": 0.015789473684210527,
    "nDCG@5": 0.008450549906377027,
    "Recall@10": 0.05921052631578947,
    "nDCG@10": 0.022119866333887454,
    "Recall@50": 0.3960526315789474,
    "nDCG@50": 0.09397044589372372
   }
  },
  "medcalcbench": {
   "bm25": {
    "Recall@1": 0.25545454545454543,
    "nDCG@1": 0.25545454545454543,
    "Recall@5": 0.4581818181818182,
    "nDCG@5": 0.36062920400498055,
    "Recall@10": 0.57,
    "nDCG@10": 0.3964210539107198,
    "Recall@50": 0.8045454545454546,
    "nDCG@50": 0.4499406606784641
   },