{
 "tag": "yi15-9b",
 "generator": "yi15-9b",
 "encoder": "sentence-transformers/all-MiniLM-L6-v2",
 "k_samples": 4,
 "retrieval": {
  "bigcodebench": {
   "hyskill": {
    "Recall@1": 0.17482456140350877,
    "nDCG@1": 0.4614035087719298,
    "Recall@5": 0.48517543859649126,
    "nDCG@5": 0.44972996637070156,
    "Recall@10": 0.6192105263157894,
    "nDCG@10": 0.5081401622267615,
    "Recall@50": 0.8464181286549708,
    "nDCG@50": 0.5792437731016724
   },
   "naive_passage": {
    "Recall@1": 0.16890350877192983,
    "nDCG@1": 0.4368421052631579,
    "Recall@5": 0.44274853801169595,
    "nDCG@5": 0.41624880278956855,
    "Recall@10": 0.5641812865497077,
    "nDCG@10": 0.4692814839189261,
    "Recall@50": 0.7951608187134503,
    "nDCG@50": 0.5403753345270047
   },
   "naive_sentence": {
    "Recall@1": 0.10514619883040933,
    "nDCG@1": 0.27280701754385966,
    "Recall@5": 0.2535380116959064,
    "nDCG@5": 0.24302984995962743,
    "Recall@10": 0.3225730994152047,
    "nDCG@10": 0.27247501222024534,
    "Recall@50": 0.5069298245614035,
    "nDCG@50": 0.3278001994596439
   },
   "naive_skill": {
    "Recall@1": 0.14229532163742686,
    "nDCG@1": 0.3675438596491228,
    "Recall@5": 0.3696052631578947,
    "nDCG@5": 0.3456432054818175,
    "Recall@10": 0.4759649122807017,
    "nDCG@10": 0.39281058001365726,
    "Recall@50": 0.7310672514619883,
    "nDCG@50": 0.47023626805769914
   },
   "routed": {
    "Recall@1": 0.17482456140350877,
    "nDCG@1": 0.4614035087719298,
    "Recall@5": 0.48517543859649126,
    "nDCG@5": 0.44972996637070156,
    "Recall@10": 0.6192105263157894,
    "nDCG@10": 0.5081401622267615,
    "Recall@50": 0.8464181286549708,
    "nDCG@50": 0.5792437731016724
   },
   "two_stage": {
    "Recall@1": 0.1466081871345029,
    "nDCG@1": 0.37894736842105264,
    "Recall@5": 0.40027777777777773,
    "nDCG@5": 0.36870613225631166,
    "Recall@10": 0.5322953216374269,
    "nDCG@10": 0.4269502946944832,
    "Recall@50": 0.8464181286549708,
    "nDCG@50": 0.5247503759495388
   }
  },
  "champ": {
   "hyskill": {
    "Recall@1": 0.12369207772795218,
    "nDCG@1": 0.19730941704035873,
    "Recall@5": 0.3710762331838565,
    "nDCG@5": 0.29102454538484196,
    "Recall@10": 0.48318385650224216,
    "nDCG@10": 0.3314253343056143,
    "Recall@50": 0.7641255605381165,
    "nDCG@50": 0.40690463788481435
   },
   "naive_passage": {
    "Recall@1": 0.20142002989536617,
    "nDCG@1": 0.28699551569506726,
    "Recall@5": 0.44783258594917785,
    "nDCG@5": 0.3561633196802007,
    "Recall@10": 0.5737668161434978,
    "nDCG@10": 0.4039716802215724,
    "Recall@50": 0.9177877428998504,
    "nDCG@50": 0.49751655742123285
   },
   "naive_sentence": {
    "Recall@1": 0.11621823617339311,
    "nDCG@1": 0.16591928251121077,
    "Recall@5": 0.28176382660687593,
    "nDCG@5": 0.2212524448846304,
    "Recall@10": 0.35612855007473837,
    "nDCG@10": 0.24947334420923117,
    "Recall@50": 0.4738415545590433,
    "nDCG@50": 0.2826662203204057
   },
   "naive_skill": {
    "Recall@1": 0.19506726457399104,
    "nDCG@1": 0.27802690582959644,
    "Recall@5": 0.4396113602391629,
    "nDCG@5": 0.3539585292079835,
    "Recall@10": 0.5563527653213751,
    "nDCG@10": 0.3964812886394731,
    "Recall@50": 0.8062780269058296,
    "nDCG@50": 0.4649920908632577
   },
   "routed": {
    "Recall@1": 0.20142002989536617,
    "nDCG@1": 0.28699551569506726,
    "Recall@5": 0.44783258594917785,
    "nDCG@5": 0.3561633196802007,
    "Recall@10": 0.5737668161434978,
    "nDCG@10": 0.4039716802215724,
    "Recall@50": 0.9177877428998504,
    "nDCG@50": 0.49751655742123285
   },
   "two_stage": {
    "Recall@1": 0.19506726457399104,
    "nDCG@1": 0.27802690582959644,
    "Recall@5": 0.44110612855007475,
    "nDCG@5": 0.35366467734123813,
    "Recall@10": 0.5526158445440956,
    "nDCG@10": 0.39522526292506155,
    "Recall@50": 0.7641255605381165,
    "nDCG@50": 0.45490654486272003
   }
  },
  "logicbench": {
   "hyskill": {
    "Recall@1": 0.021052631578947368,
    "nDCG@1": 0.021052631578947368,
    "Recall@5": 0.11315789473684211,
    "nDCG@5": 0.06841572200171572,
    "Recall@10": 0.2,
    "nDCG@10": 0.09644646753209662,
    "Recall@50": 0.3986842105263158,
    "nDCG@50": 0.14072287175153905
   },
   "naive_passage": {
    "Recall@1": 0.05,
    "nDCG@1": 0.05,
    "Recall@5": 0.12763157894736843,
    "nDCG@5": 0.09051593164171919,
    "Recall@10": 0.20657894736842106,
    "nDCG@10": 0.1160974879444429,
    "Recall@50": 0.3763157894736842,
    "nDCG@50": 0.1534567986448321
   },
   "naive_sentence": {
    "Recall@1": 0.0013157894736842105,
    "nDCG@1": 0.0013157894736842105,
    "Recall@5": 0.0013157894736842105,
    "nDCG@5": 0.0013157894736842105,
    "Recall@10": 0.002631578947368421,
    "nDCG@10": 0.0017543859649122805,
    "Recall@50": 0.011842105263157895,
    "nDCG@50": 0.0035249338051715944
   },
   "naive_skill": {
    "Recall@1": 0.0013157894736842105,
    "nDCG@1": 0.0013157894736842105,
    "Recall@5": 0.011842105263157895,
    "nDCG@5": 0.006064496763925022,
    "Recall@10": 0.021052631578947368,
    "nDCG@10": 0.009028098608636808,
    "Recall@50": 0.0881578947368421,
    "nDCG@50": 0.02327929006571306
   },
   "routed": {
    "Recall@1": 0.05,
    "nDCG@1": 0.05,
    "Recall@5": 0.12763157894736843,
    "nDCG@5": 0.09051593164171919,
    "Recall@10": 0.20657894736842106,
    "nDCG@10": 0.1160974879444429,
    "Recall@50": 0.3763157894736842,
    "nDCG@50": 0.1534567986448321
   },
   "two_stage": {
    "Recall@1": 0.0013157894736842105,
    "nDCG@1": 0.0013157894736842105,
    "Recall@5": 0.02236842105263158,
    "nDCG@5": 0.011719715353003984,
    "Recall@10": 0.05921052631578947,
    "nDCG@10": 0.023357621333047963,
    "Recall@50": 0.3986842105263158,
    "nDCG@50": 0.09574478096344215
   }
  },
  "medcalcbench": {
   "hyskill": {
    "Recall@1": 0.6872727272727273,
    "nDCG@1": 0.6872727272727273,
    "Recall@5": 0.9418181818181818,
    "nDCG@5": 0.8235488994617197,
    "Recall@10": 0.9781818181818182,
    "nDCG@10": 0.8353937223918619,
    "Recall@50": 0.9990909090909091,
    "nDCG@50": 0.840540284646873
   },
   "naive_passage": {
    "Recall@1": 0.9236363636363636,
    "nDCG@1": 0.9236363636363636,
    "Recall@5": 0.990909090909091,
    "nDCG@5": 0.9643206395018602,
    "Recall@10": 0.9954545454545455,
    "nDCG@10": 0.9658448917392428,
    "Recall@50": 0.9954545454545455,
    "nDCG@50": 0.9658448917392428
   },
   "naive_sentence": {
    "Recall@1": 0.860909090909091,
    "nDCG@1": 0.860909090909091,
    "Recall@5": 0.9745454545454545,
    "nDCG@5": 0.928205922649794,
    "Recall@10": 0.9845454545454545,
    "nDCG@10": 0.9314909680918994,
    "Recall@50": 0.990909090909091,
    "nDCG@50": 0.9330066046995337
   },
   "naive_skill": {
    "Recall@1": 0.9118181818181819,
    "nDCG@1": 0.9118181818181819,
    "Recall@5": 0.9963636363636363,
    "nDCG@5": 0.9599387893238666,
    "Recall@10": 1.0,
    "nDCG@10": 0.961112971607293,
    "Recall@50": 1.0,
    "nDCG@50": 0.961112971607293
   },
   "routed": {
    "Recall@1": 0.9236363636363636,
    "nDCG@1": 0.9236363636363636,
    "Recall@5": 0.990909090909091,
    "nDCG@5": 0.9643206395018602,
    "Recall@10": 0.9954545454545455,
    "nDCG@10": 0.9658448917392428,
    "Recall@50": 0.9954545454545455,
    "nDCG@50": 0.9658448917392428
   },
   "two_stage": {
    "Recall@1": 0.9109090909090909,
    "nDCG@1": 0.9109090909090909,
    "Recall@5": 0.9954545454545455,
    "nDCG@5": 0.9590296984147757,
    "Recall@10": 0.9990909090909091,
    "nDCG@10": 0.9602540417813332,
    "Recall@50": 0.9990909090909091,
    "nDCG@50": 0.9602540417813332
   }
  },
  "theoremqa": {
   "bm25": {
    "Recall@1": 0.4578313253012048,
    "nDCG@1": 0.4578313253012048,
    "Recall@5": 0.6198125836680054,
    "nDCG@5": 0.5468885007193139,
    "Recall@10": 0.6613119143239625,
    "nDCG@10": 0.5603566004627217,
    "Recall@50": 0.7402945113788487,
    "nDCG@50": 0.5778202215117496
   },
   "hyskill": {
    "Recall@1": 0.570281124497992,