{"bootstrap_samples":10000,"bootstrap_seed":0,"comparisons":{"gated_vs_always_seven_model":{"arm_a":"routed_gated","arm_b":"routed_always","schema_version":"k2-answer-paired-comparison-v1","split":"heldout","statistics":{"by_domain":{"champ":{"bootstrap_samples":10000,"ci95":[-0.0335195530726257,0.0893854748603352],"difference_k_minus_k4":0.027932960893854747,"mean_k":0.5251396648044693,"mean_k4":0.4972067039106145,"n":179,"p_two_sided":0.4224,"seed":4100940333222914555},"logicbench":{"bootstrap_samples":10000,"ci95":[0.014802631578947368,0.09703947368421052],"difference_k_minus_k4":0.05592105263157895,"mean_k":0.7319078947368421,"mean_k4":0.6759868421052632,"n":608,"p_two_sided":0.0096,"seed":5740848566912532091},"medcalcbench":{"bootstrap_samples":10000,"ci95":[-0.028409090909090908,0.0125],"difference_k_minus_k4":-0.007954545454545454,"mean_k":0.8011363636363636,"mean_k4":0.8090909090909091,"n":880,"p_two_sided":0.467,"seed":1438467179592089344},"theoremqa":{"bootstrap_samples":10000,"ci95":[-0.05016722408026756,0.0016722408026755853],"difference_k_minus_k4":-0.023411371237458192,"mean_k":0.6806020066889632,"mean_k4":0.7040133779264214,"n":598,"p_two_sided":0.0788,"seed":1374347481330299482}},"pooled_instances":{"bootstrap_samples":10000,"ci95":[-0.007947019867549669,0.024282560706401765],"difference_k_minus_k4":0.007947019867549669,"mean_k":0.7289183222958058,"mean_k4":0.720971302428256,"n":2265,"p_two_sided":0.3508,"seed":5776268421602344466}}},"gated_vs_select_five_model":{"arm_a":"routed_gated","arm_b":"routed_select","schema_version":"k2-answer-paired-comparison-v1","split":"heldout","statistics":{"by_domain":{"champ":{"bootstrap_samples":10000,"ci95":[-0.0893854748603352,0.0335195530726257],"difference_k_minus_k4":-0.027932960893854747,"mean_k":0.5251396648044693,"mean_k4":0.553072625698324,"n":179,"p_two_sided":0.4298,"seed":4331915896442382255},"logicbench":{"bootstrap_samples":10000,"ci95":[-0.09046052631578948,-0.008223684210526315],"difference_k_minus_k4":-0.049342105263157895,"mean_k":0.7319078947368421,"mean_k4":0.78125,"n":608,"p_two_sided":0.0192,"seed":5689728687498266878},"medcalcbench":{"bootstrap_samples":10000,"ci95":[0.014772727272727272,0.06477272727272727],"difference_k_minus_k4":0.03977272727272727,"mean_k":0.8011363636363636,"mean_k4":0.7613636363636364,"n":880,"p_two_sided":0.002,"seed":1345020136361072462},"theoremqa":{"bootstrap_samples":10000,"ci95":[-0.046822742474916385,0.010033444816053512],"difference_k_minus_k4":-0.01839464882943144,"mean_k":0.6806020066889632,"mean_k4":0.6989966555183946,"n":598,"p_two_sided":0.2292,"seed":6425712357646739434}},"pooled_instances":{"bootstrap_samples":10000,"ci95":[-0.022516556291390728,0.012803532008830023],"difference_k_minus_k4":-0.004856512141280353,"mean_k":0.7289183222958058,"mean_k4":0.7337748344370861,"n":2265,"p_two_sided":0.6032,"seed":4541480568769755167}}},"routed_gated_vs_fixed_gated":{"arm_a":"routed_gated","arm_b":"fixed_gated","schema_version":"k2-answer-paired-comparison-v1","split":"heldout","statistics":{"by_domain":{"champ":{"bootstrap_samples":10000,"ci95":[-0.1340782122905028,0.01131284916200914],"difference_k_minus_k4":-0.061452513966480445,"mean_k":0.5251396648044693,"mean_k4":0.5865921787709497,"n":179,"p_two_sided":0.124,"seed":3371432150678397610},"logicbench":{"bootstrap_samples":10000,"ci95":[-0.02631578947368421,0.03782894736842105],"difference_k_minus_k4":0.006578947368421052,"mean_k":0.7319078947368421,"mean_k4":0.725328947368421,"n":608,"p_two_sided":0.7422,"seed":3102566412400258315},"medcalcbench":{"bootstrap_samples":10000,"ci95":[-0.014772727272727272,0.029545454545454545],"difference_k_minus_k4":0.006818181818181818,"mean_k":0.8011363636363636,"mean_k4":0.7943181818181818,"n":880,"p_two_sided":0.5684,"seed":3772247432178161549},"theoremqa":{"bootstrap_samples":10000,"ci95":[-0.030100334448160536,0.023411371237458192],"difference_k_minus_k4":-0.0033444816053511705,"mean_k":0.6806020066889632,"mean_k4":0.6839464882943144,"n":598,"p_two_sided":0.8544,"seed":5944402505656600445}},"pooled_instances":{"bootstrap_samples":10000,"ci95":[-0.016777041942604858,0.013245033112582781],"difference_k_minus_k4":-0.0013245033112582781,"mean_k":0.7289183222958058,"mean_k4":0.730242825607064,"n":2265,"p_two_sided":0.8808,"seed":6655639375699485508}}},"select_vs_always_five_model":{"arm_a":"routed_select","arm_b":"routed_always","schema_version":"k2-answer-paired-comparison-v1","split":"heldout","statistics":{"by_domain":{"champ":{"bootstrap_samples":10000,"ci95":[-0.0111731843575419,0.12290502793296089],"difference_k_minus_k4":0.055865921787709494,"mean_k":0.553072625698324,"mean_k4":0.4972067039106145,"n":179,"p_two_sided":0.1108,"seed":333067592990196198},"logicbench":{"bootstrap_samples":10000,"ci95":[0.06414473684210527,0.14638157894736842],"difference_k_minus_k4":0.10526315789473684,"mean_k":0.78125,"mean_k4":0.6759868421052632,"n":608,"p_two_sided":0.0,"seed":7150783833574878386},"medcalcbench":{"bootstrap_samples":10000,"ci95":[-0.07386363636363637,-0.020454545454545454],"difference_k_minus_k4":-0.04772727272727273,"mean_k":0.7613636363636364,"mean_k4":0.8090909090909091,"n":880,"p_two_sided":0.0006,"seed":4878923711057925201},"theoremqa":{"bootstrap_samples":10000,"ci95":[-0.03511705685618729,0.02508361204013378],"difference_k_minus_k4":-0.005016722408026756,"mean_k":0.6989966555183946,"mean_k4":0.7040133779264214,"n":598,"p_two_sided":0.776,"seed":8939785957141742880}},"pooled_instances":{"bootstrap_samples":10000,"ci95":[-0.005298013245033113,0.030463576158940398],"difference_k_minus_k4":0.012803532008830023,"mean_k":0.7337748344370861,"mean_k4":0.720971302428256,"n":2265,"p_two_sided":0.1788,"seed":2860666059413728893}}}},"model":"qwen3.5-4b-reference","schema_version":"k2-public-significance-v1","source_sha256":"4547f8e49996e36c84df15457ec3e5560b42bd174b97b3ab476fc62d15333a4c","split":"heldout"}
