{
 "tag": "qwen35-9b",
 "generator": "qwen35-9b",
 "encoder": "sentence-transformers/all-MiniLM-L6-v2",
 "k_samples": 4,
 "retrieval": {
  "bigcodebench": {
   "bm25": {
    "Recall@1": 0.17350877192982456,
    "nDCG@1": 0.45614035087719296,
    "Recall@5": 0.3678216374269006,
    "nDCG@5": 0.3693435043545245,
    "Recall@10": 0.46583333333333327,
    "nDCG@10": 0.41255926080210914,
    "Recall@50": 0.7041374269005847,
    "nDCG@50": 0.4841512873244131
   },
   "hyskill": {
    "Recall@1": 0.1753654970760234,
    "nDCG@1": 0.4543859649122807,
    "Recall@5": 0.4820760233918128,
    "nDCG@5": 0.44858378669483867,
    "Recall@10": 0.6117982456140352,
    "nDCG@10": 0.5054998013751834,
    "Recall@50": 0.8573245614035087,
    "nDCG@50": 0.5829359844375447
   },
   "llm_rerank": {
    "Recall@1": 0.2269005847953216,
    "nDCG@1": 0.593859649122807,
    "Recall@5": 0.5951754385964912,
    "nDCG@5": 0.5734072623193194,
    "Recall@10": 0.647280701754386,
    "nDCG@10": 0.5967956601571179,
    "Recall@50": 0.7041374269005847,
    "nDCG@50": 0.6147909621920739
   },
   "naive_passage": {
    "Recall@1": 0.17485380116959062,
    "nDCG@1": 0.4517543859649123,
    "Recall@5": 0.4651023391812866,
    "nDCG@5": 0.436625984514133,
    "Recall@10": 0.5783187134502924,
    "nDCG@10": 0.48689411111812403,
    "Recall@50": 0.8167251461988304,
    "nDCG@50": 0.560994285249836
   },
   "naive_sentence": {
    "Recall@1": 0.07714912280701754,
    "nDCG@1": 0.20087719298245615,
    "Recall@5": 0.18600877192982457,
    "nDCG@5": 0.17680654746962454,
    "Recall@10": 0.24891812865497076,
    "nDCG@10": 0.20432416744951723,
    "Recall@50": 0.42668128654970755,
    "nDCG@50": 0.2568509528779581
   },
   "naive_skill": {
    "Recall@1": 0.1594736842105263,
    "nDCG@1": 0.4105263157894737,
    "Recall@5": 0.4093567251461988,
    "nDCG@5": 0.386454386025094,
    "Recall@10": 0.5164619883040935,
    "nDCG@10": 0.4341378128493125,
    "Recall@50": 0.7632456140350876,
    "nDCG@50": 0.5090134646302894
   },
   "routed": {
    "Recall@1": 0.1753654970760234,
    "nDCG@1": 0.4543859649122807,
    "Recall@5": 0.4820760233918128,
    "nDCG@5": 0.44858378669483867,
    "Recall@10": 0.6117982456140352,
    "nDCG@10": 0.5054998013751834,
    "Recall@50": 0.8573245614035087,
    "nDCG@50": 0.5829359844375447
   },
   "two_stage": {
    "Recall@1": 0.16181286549707602,
    "nDCG@1": 0.41578947368421054,
    "Recall@5": 0.42258771929824557,
    "nDCG@5": 0.39631476828140666,
    "Recall@10": 0.5478362573099415,
    "nDCG@10": 0.4519061747546659,
    "Recall@50": 0.8573245614035087,
    "nDCG@50": 0.546789051575956
   }
  },
  "champ": {
   "bm25": {
    "Recall@1": 0.11547085201793722,
    "nDCG@1": 0.17040358744394618,
    "Recall@5": 0.27615844544095663,
    "nDCG@5": 0.21778671043301362,
    "Recall@10": 0.3116591928251121,
    "nDCG@10": 0.23156591926079143,
    "Recall@50": 0.4226457399103139,
    "nDCG@50": 0.2606123232749641
   },
   "hyskill": {
    "Recall@1": 0.1547085201793722,
    "nDCG@1": 0.242152466367713,
    "Recall@5": 0.44544095665171896,
    "nDCG@5": 0.3447752003739257,
    "Recall@10": 0.619357249626308,
    "nDCG@10": 0.4095069271728731,
    "Recall@50": 0.8591928251121075,
    "nDCG@50": 0.4750516801905896
   },
   "llm_rerank": {
    "Recall@1": 0.2171150971599402,
    "nDCG@1": 0.336322869955157,
    "Recall@5": 0.3778026905829596,
    "nDCG@5": 0.3407737548613778,
    "Recall@10": 0.40919282511210764,
    "nDCG@10": 0.35298348454319817,
    "Recall@50": 0.4226457399103139,
    "nDCG@50": 0.35633627021993686
   },
   "naive_passage": {
    "Recall@1": 0.2518684603886398,
    "nDCG@1": 0.3452914798206278,
    "Recall@5": 0.46165919282511214,
    "nDCG@5": 0.3958313892774154,
    "Recall@10": 0.5907324364723469,
    "nDCG@10": 0.4445682331517027,
    "Recall@50": 0.9062032884902841,
    "nDCG@50": 0.5280017287595831
   },
   "naive_sentence": {
    "Recall@1": 0.1991778774289985,
    "nDCG@1": 0.2825112107623318,
    "Recall@5": 0.41106128550074733,
    "nDCG@5": 0.3416508074084399,
    "Recall@10": 0.548355754857997,
    "nDCG@10": 0.39284726875538933,
    "Recall@50": 0.7216741405082212,
    "nDCG@50": 0.440670435298117
   },
   "naive_skill": {
    "Recall@1": 0.24327354260089684,
    "nDCG@1": 0.3452914798206278,
    "Recall@5": 0.4876681614349776,
    "nDCG@5": 0.4098562627578971,
    "Recall@10": 0.6135276532137518,
    "nDCG@10": 0.45784006228779445,
    "Recall@50": 0.9004484304932736,
    "nDCG@50": 0.5333029079159637
   },
   "routed": {
    "Recall@1": 0.2518684603886398,
    "nDCG@1": 0.3452914798206278,
    "Recall@5": 0.46165919282511214,
    "nDCG@5": 0.3958313892774154,
    "Recall@10": 0.5907324364723469,
    "nDCG@10": 0.4445682331517027,
    "Recall@50": 0.9062032884902841,
    "nDCG@50": 0.5280017287595831
   },
   "two_stage": {
    "Recall@1": 0.24327354260089684,
    "nDCG@1": 0.3452914798206278,
    "Recall@5": 0.4891629297458893,
    "nDCG@5": 0.4109531812346266,
    "Recall@10": 0.6135276532137518,
    "nDCG@10": 0.4587088443242114,
    "Recall@50": 0.8591928251121075,
    "nDCG@50": 0.5266631803204863
   }
  },
  "logicbench": {
   "bm25": {
    "Recall@1": 0.11315789473684211,
    "nDCG@1": 0.11315789473684211,
    "Recall@5": 0.25526315789473686,
    "nDCG@5": 0.1876630062430423,
    "Recall@10": 0.3223684210526316,
    "nDCG@10": 0.20928680225021445,
    "Recall@50": 0.5197368421052632,
    "nDCG@50": 0.25353507746046616
   },
   "hyskill": {
    "Recall@1": 0.11447368421052631,
    "nDCG@1": 0.11447368421052631,
    "Recall@5": 0.4381578947368421,
    "nDCG@5": 0.2793310410721698,
    "Recall@10": 0.618421052631579,
    "nDCG@10": 0.33848964476287213,
    "Recall@50": 0.7973684210526316,
    "nDCG@50": 0.3789239207183514
   },
   "llm_rerank": {
    "Recall@1": 0.29078947368421054,
    "nDCG@1": 0.29078947368421054,
    "Recall@5": 0.4855263157894737,
    "nDCG@5": 0.3948796441220699,
    "Recall@10": 0.5052631578947369,
    "nDCG@10": 0.40150445009319474,
    "Recall@50": 0.5197368421052632,
    "nDCG@50": 0.4045457831658753
   },
   "naive_passage": {
    "Recall@1": 0.08157894736842106,
    "nDCG@1": 0.08157894736842106,
    "Recall@5": 0.2513157894736842,
    "nDCG@5": 0.16772743276883104,
    "Recall@10": 0.3631578947368421,
    "nDCG@10": 0.20400942272556868,
    "Recall@50": 0.5473684210526316,
    "nDCG@50": 0.24597452249751167
   },
   "naive_sentence": {
    "Recall@1": 0.10263157894736842,
    "nDCG@1": 0.10263157894736842,
    "Recall@5": 0.2578947368421053,
    "nDCG@5": 0.18180195854896694,
    "Recall@10": 0.35657894736842105,
    "nDCG@10": 0.21385260504343004,
    "Recall@50": 0.5421052631578948,
    "nDCG@50": 0.2547901317480277
   },
   "naive_skill": {
    "Recall@1": 0.10394736842105264,
    "nDCG@1": 0.10394736842105264,
    "Recall@5": 0.38026315789473686,
    "nDCG@5": 0.24349436927466844,
    "Recall@10": 0.49605263157894736,
    "nDCG@10": 0.2807948786831326,
    "Recall@50": 0.6842105263157895,
    "nDCG@50": 0.32257299539342765
   },
   "routed": {
    "Recall@1": 0.11447368421052631,
    "nDCG@1": 0.11447368421052631,
    "Recall@5": 0.4381578947368421,
    "nDCG@5": 0.2793310410721698,
    "Recall@10": 0.618421052631579,
    "nDCG@10": 0.33848964476287213,
    "Recall@50": 0.7973684210526316,
    "nDCG@50": 0.3789239207183514
   },
   "two_stage": {
    "Recall@1": 0.10921052631578948,
    "nDCG@1": 0.10921052631578948,
    "Recall@5": 0.4039473684210526,
    "nDCG@5": 0.2576157247534483,
    "Recall@10": 0.55,
    "nDCG@10": 0.3043254822800544,
    "Recall@50": 0.7973684210526316,
    "nDCG@50": 0.3612674119086864
   }
  },
  "medcalcbench": {
   "bm25": {
    "Recall@1": 0.25545454545454543,
    "nDCG@1": 0.25545454545454543,
    "Recall@5": 0.4581818181818182,
    "nDCG@5": 0.36062920400498055,
    "Recall@10": 0.57,
    "nDCG@10": 0.3964210539107198,
    "Recall@50": 0.8045454545454546,
    "nDCG@50": 0.4499406606784641
   },
   "hyskill": {
    "Recall@1": 0.759090909090909,