{"bootstrap_samples":10000,"bootstrap_seed":0,"comparisons":{"gated_vs_always_seven_model":{"arm_a":"routed_gated","arm_b":"routed_always","schema_version":"k2-answer-paired-comparison-v1","split":"heldout","statistics":{"by_domain":{"champ":{"bootstrap_samples":10000,"ci95":[-0.027932960893854747,0.09497206703910614],"difference_k_minus_k4":0.0335195530726257,"mean_k":0.3240223463687151,"mean_k4":0.2905027932960894,"n":179,"p_two_sided":0.347,"seed":2353291366170430503},"logicbench":{"bootstrap_samples":10000,"ci95":[0.01644736842105263,0.11513157894736842],"difference_k_minus_k4":0.06578947368421052,"mean_k":0.5345394736842105,"mean_k4":0.46875,"n":608,"p_two_sided":0.0118,"seed":5429000947062721330},"medcalcbench":{"bootstrap_samples":10000,"ci95":[-0.035227272727272725,0.0125],"difference_k_minus_k4":-0.011363636363636364,"mean_k":0.5875,"mean_k4":0.5988636363636364,"n":880,"p_two_sided":0.3714,"seed":7076020659390895471},"theoremqa":{"bootstrap_samples":10000,"ci95":[-0.028428093645484948,0.04180602006688963],"difference_k_minus_k4":0.006688963210702341,"mean_k":0.38294314381270905,"mean_k4":0.3762541806020067,"n":598,"p_two_sided":0.7318,"seed":3408950891460362045}},"pooled_instances":{"bootstrap_samples":10000,"ci95":[-0.0017660044150110375,0.03664459161147903],"difference_k_minus_k4":0.017660044150110375,"mean_k":0.49845474613686536,"mean_k4":0.48079470198675495,"n":2265,"p_two_sided":0.0764,"seed":6669265988519756133}}},"gated_vs_select_five_model":{"arm_a":"routed_gated","arm_b":"routed_select","schema_version":"k2-answer-paired-comparison-v1","split":"heldout","statistics":{"by_domain":{"champ":{"bootstrap_samples":10000,"ci95":[-0.11173184357541899,0.01675977653631285],"difference_k_minus_k4":-0.0446927374301676,"mean_k":0.3240223463687151,"mean_k4":0.3687150837988827,"n":179,"p_two_sided":0.1964,"seed":918991319782264346},"logicbench":{"bootstrap_samples":10000,"ci95":[-0.013157894736842105,0.08552631578947369],"difference_k_minus_k4":0.03618421052631579,"mean_k":0.5345394736842105,"mean_k4":0.49835526315789475,"n":608,"p_two_sided":0.1584,"seed":3181893059625572159},"medcalcbench":{"bootstrap_samples":10000,"ci95":[-0.07727272727272727,-0.025],"difference_k_minus_k4":-0.05113636363636364,"mean_k":0.5875,"mean_k4":0.6386363636363637,"n":880,"p_two_sided":0.0,"seed":7167301243702182589},"theoremqa":{"bootstrap_samples":10000,"ci95":[-0.09698996655518395,-0.023411371237458192],"difference_k_minus_k4":-0.06020066889632107,"mean_k":0.38294314381270905,"mean_k4":0.4431438127090301,"n":598,"p_two_sided":0.0018,"seed":5782478681112828028}},"pooled_instances":{"bootstrap_samples":10000,"ci95":[-0.04944812362030905,-0.00926048565121429],"difference_k_minus_k4":-0.029580573951434878,"mean_k":0.49845474613686536,"mean_k4":0.5280353200883002,"n":2265,"p_two_sided":0.0044,"seed":1362910975283138667}}},"select_vs_always_five_model":{"arm_a":"routed_select","arm_b":"routed_always","schema_version":"k2-answer-paired-comparison-v1","split":"heldout","statistics":{"by_domain":{"champ":{"bootstrap_samples":10000,"ci95":[0.0111731843575419,0.1452513966480447],"difference_k_minus_k4":0.0782122905027933,"mean_k":0.3687150837988827,"mean_k4":0.2905027932960894,"n":179,"p_two_sided":0.024,"seed":5281616418066474547},"logicbench":{"bootstrap_samples":10000,"ci95":[-0.019736842105263157,0.07894736842105263],"difference_k_minus_k4":0.029605263157894735,"mean_k":0.49835526315789475,"mean_k4":0.46875,"n":608,"p_two_sided":0.2546,"seed":5141479564199366032},"medcalcbench":{"bootstrap_samples":10000,"ci95":[0.011363636363636364,0.06818181818181818],"difference_k_minus_k4":0.03977272727272727,"mean_k":0.6386363636363637,"mean_k4":0.5988636363636364,"n":880,"p_two_sided":0.008,"seed":1841059501204117678},"theoremqa":{"bootstrap_samples":10000,"ci95":[0.028428093645484948,0.10535117056856187],"difference_k_minus_k4":0.06688963210702341,"mean_k":0.4431438127090301,"mean_k4":0.3762541806020067,"n":598,"p_two_sided":0.0008,"seed":3986175794052909260}},"pooled_instances":{"bootstrap_samples":10000,"ci95":[0.026931567328918323,0.06754966887417219],"difference_k_minus_k4":0.047240618101545256,"mean_k":0.5280353200883002,"mean_k4":0.48079470198675495,"n":2265,"p_two_sided":0.0,"seed":1559934372618338069}}}},"model":"glm4-9b","schema_version":"k2-public-significance-v1","source_sha256":"4547f8e49996e36c84df15457ec3e5560b42bd174b97b3ab476fc62d15333a4c","split":"heldout"}
