{"bootstrap_samples":10000,"bootstrap_seed":0,"comparisons":{"gated_vs_always_seven_model":{"arm_a":"routed_gated","arm_b":"routed_always","schema_version":"k2-answer-paired-comparison-v1","split":"heldout","statistics":{"by_domain":{"champ":{"bootstrap_samples":10000,"ci95":[-0.11173184357541899,0.0111731843575419],"difference_k_minus_k4":-0.05027932960893855,"mean_k":0.2569832402234637,"mean_k4":0.30726256983240224,"n":179,"p_two_sided":0.129,"seed":5738733312171190328},"logicbench":{"bootstrap_samples":10000,"ci95":[-0.046052631578947366,0.049342105263157895],"difference_k_minus_k4":0.001644736842105263,"mean_k":0.5625,"mean_k4":0.5608552631578947,"n":608,"p_two_sided":0.9924,"seed":4321006751532928192},"medcalcbench":{"bootstrap_samples":10000,"ci95":[-0.020454545454545454,0.03409090909090909],"difference_k_minus_k4":0.006818181818181818,"mean_k":0.5852272727272727,"mean_k4":0.5784090909090909,"n":880,"p_two_sided":0.6554,"seed":1063368746002033846},"theoremqa":{"bootstrap_samples":10000,"ci95":[-0.04013377926421405,0.030100334448160536],"difference_k_minus_k4":-0.005016722408026756,"mean_k":0.40468227424749165,"mean_k4":0.4096989966555184,"n":598,"p_two_sided":0.8118,"seed":7269341188751270819}},"pooled_instances":{"bootstrap_samples":10000,"ci95":[-0.02207505518763797,0.017660044150110375],"difference_k_minus_k4":-0.002207505518763797,"mean_k":0.5055187637969095,"mean_k4":0.5077262693156733,"n":2265,"p_two_sided":0.8518,"seed":3139172002568269190}}},"gated_vs_select_five_model":{"arm_a":"routed_gated","arm_b":"routed_select","schema_version":"k2-answer-paired-comparison-v1","split":"heldout","statistics":{"by_domain":{"champ":{"bootstrap_samples":10000,"ci95":[-0.05027932960893855,0.08379888268156424],"difference_k_minus_k4":0.01675977653631285,"mean_k":0.2569832402234637,"mean_k4":0.24022346368715083,"n":179,"p_two_sided":0.677,"seed":6338573783853974845},"logicbench":{"bootstrap_samples":10000,"ci95":[-0.049342105263157895,0.046052631578947366],"difference_k_minus_k4":-0.001644736842105263,"mean_k":0.5625,"mean_k4":0.5641447368421053,"n":608,"p_two_sided":0.9696,"seed":844249450592518585},"medcalcbench":{"bootstrap_samples":10000,"ci95":[0.006818181818181818,0.0715909090909091],"difference_k_minus_k4":0.038636363636363635,"mean_k":0.5852272727272727,"mean_k4":0.5465909090909091,"n":880,"p_two_sided":0.019,"seed":8699780255373872690},"theoremqa":{"bootstrap_samples":10000,"ci95":[-0.04180602006688963,0.0451505016722408],"difference_k_minus_k4":0.0016722408026755853,"mean_k":0.40468227424749165,"mean_k4":0.40301003344481606,"n":598,"p_two_sided":0.9568,"seed":8754407958578397868}},"pooled_instances":{"bootstrap_samples":10000,"ci95":[-0.005739514348785872,0.037969094922737305],"difference_k_minus_k4":0.016335540838852098,"mean_k":0.5055187637969095,"mean_k4":0.4891832229580574,"n":2265,"p_two_sided":0.1588,"seed":1250496026626401405}}},"select_vs_always_five_model":{"arm_a":"routed_select","arm_b":"routed_always","schema_version":"k2-answer-paired-comparison-v1","split":"heldout","statistics":{"by_domain":{"champ":{"bootstrap_samples":10000,"ci95":[-0.1340782122905028,0.0],"difference_k_minus_k4":-0.0670391061452514,"mean_k":0.24022346368715083,"mean_k4":0.30726256983240224,"n":179,"p_two_sided":0.0674,"seed":702850630927690109},"logicbench":{"bootstrap_samples":10000,"ci95":[-0.044407894736842105,0.05098684210526316],"difference_k_minus_k4":0.003289473684210526,"mean_k":0.5641447368421053,"mean_k4":0.5608552631578947,"n":608,"p_two_sided":0.9086,"seed":6286342791321168083},"medcalcbench":{"bootstrap_samples":10000,"ci95":[-0.06363636363636363,0.0],"difference_k_minus_k4":-0.031818181818181815,"mean_k":0.5465909090909091,"mean_k4":0.5784090909090909,"n":880,"p_two_sided":0.054,"seed":4453949628670033273},"theoremqa":{"bootstrap_samples":10000,"ci95":[-0.05016722408026756,0.038461538461538464],"difference_k_minus_k4":-0.006688963210702341,"mean_k":0.40301003344481606,"mean_k4":0.4096989966555184,"n":598,"p_two_sided":0.8076,"seed":4917036162994584328}},"pooled_instances":{"bootstrap_samples":10000,"ci95":[-0.040176600441501106,0.003532008830022075],"difference_k_minus_k4":-0.018543046357615896,"mean_k":0.4891832229580574,"mean_k4":0.5077262693156733,"n":2265,"p_two_sided":0.0968,"seed":1499575210713000978}}}},"model":"llama31-8b","schema_version":"k2-public-significance-v1","source_sha256":"4547f8e49996e36c84df15457ec3e5560b42bd174b97b3ab476fc62d15333a4c","split":"heldout"}
