{"bootstrap_samples":10000,"bootstrap_seed":0,"comparisons":{"gated_vs_always_seven_model":{"arm_a":"routed_gated","arm_b":"routed_always","schema_version":"k2-answer-paired-comparison-v1","split":"heldout","statistics":{"by_domain":{"champ":{"bootstrap_samples":10000,"ci95":[-0.055865921787709494,0.0446927374301676],"difference_k_minus_k4":-0.00558659217877095,"mean_k":0.1787709497206704,"mean_k4":0.18435754189944134,"n":179,"p_two_sided":0.916,"seed":6859089846842234791},"logicbench":{"bootstrap_samples":10000,"ci95":[0.046052631578947366,0.12828947368421054],"difference_k_minus_k4":0.08717105263157894,"mean_k":0.59375,"mean_k4":0.506578947368421,"n":608,"p_two_sided":0.0,"seed":8823766364558669894},"medcalcbench":{"bootstrap_samples":10000,"ci95":[-0.05568181818181818,0.017045454545454544],"difference_k_minus_k4":-0.019318181818181818,"mean_k":0.2943181818181818,"mean_k4":0.31363636363636366,"n":880,"p_two_sided":0.3034,"seed":7243604963047579989},"theoremqa":{"bootstrap_samples":10000,"ci95":[-0.05518394648829431,0.0],"difference_k_minus_k4":-0.028428093645484948,"mean_k":0.22408026755852842,"mean_k4":0.2525083612040134,"n":598,"p_two_sided":0.0506,"seed":3580758426109391449}},"pooled_instances":{"bootstrap_samples":10000,"ci95":[-0.011920529801324504,0.0282560706401766],"difference_k_minus_k4":0.007947019867549669,"mean_k":0.34701986754966885,"mean_k4":0.3390728476821192,"n":2265,"p_two_sided":0.4516,"seed":567906102591725857}}},"gated_vs_select_five_model":{"arm_a":"routed_gated","arm_b":"routed_select","schema_version":"k2-answer-paired-comparison-v1","split":"heldout","statistics":{"by_domain":{"champ":{"bootstrap_samples":10000,"ci95":[-0.0446927374301676,0.0782122905027933],"difference_k_minus_k4":0.01675977653631285,"mean_k":0.1787709497206704,"mean_k4":0.16201117318435754,"n":179,"p_two_sided":0.6728,"seed":7642820873315658885},"logicbench":{"bootstrap_samples":10000,"ci95":[0.024671052631578948,0.1118421052631579],"difference_k_minus_k4":0.06743421052631579,"mean_k":0.59375,"mean_k4":0.5263157894736842,"n":608,"p_two_sided":0.0034,"seed":4943187677255094368},"medcalcbench":{"bootstrap_samples":10000,"ci95":[-0.04772727272727273,0.022727272727272728],"difference_k_minus_k4":-0.0125,"mean_k":0.2943181818181818,"mean_k4":0.3068181818181818,"n":880,"p_two_sided":0.52,"seed":6637812835973612438},"theoremqa":{"bootstrap_samples":10000,"ci95":[-0.05351170568561873,0.006688963210702341],"difference_k_minus_k4":-0.023411371237458192,"mean_k":0.22408026755852842,"mean_k4":0.24749163879598662,"n":598,"p_two_sided":0.1494,"seed":5860476382878284646}},"pooled_instances":{"bootstrap_samples":10000,"ci95":[-0.011479028697571744,0.0282560706401766],"difference_k_minus_k4":0.008388520971302429,"mean_k":0.34701986754966885,"mean_k4":0.33863134657836647,"n":2265,"p_two_sided":0.4326,"seed":7001148232247792410}}},"select_vs_always_five_model":{"arm_a":"routed_select","arm_b":"routed_always","schema_version":"k2-answer-paired-comparison-v1","split":"heldout","statistics":{"by_domain":{"champ":{"bootstrap_samples":10000,"ci95":[-0.08379888268156424,0.0446927374301676],"difference_k_minus_k4":-0.0223463687150838,"mean_k":0.16201117318435754,"mean_k4":0.18435754189944134,"n":179,"p_two_sided":0.5628,"seed":5539046452116177933},"logicbench":{"bootstrap_samples":10000,"ci95":[-0.02631578947368421,0.06414473684210527],"difference_k_minus_k4":0.019736842105263157,"mean_k":0.5263157894736842,"mean_k4":0.506578947368421,"n":608,"p_two_sided":0.4122,"seed":6872720895783481870},"medcalcbench":{"bootstrap_samples":10000,"ci95":[-0.04431818181818182,0.029545454545454545],"difference_k_minus_k4":-0.006818181818181818,"mean_k":0.3068181818181818,"mean_k4":0.31363636363636366,"n":880,"p_two_sided":0.7244,"seed":448080075608551746},"theoremqa":{"bootstrap_samples":10000,"ci95":[-0.03678929765886288,0.026755852842809364],"difference_k_minus_k4":-0.005016722408026756,"mean_k":0.24749163879598662,"mean_k4":0.2525083612040134,"n":598,"p_two_sided":0.8032,"seed":8242739565208816358}},"pooled_instances":{"bootstrap_samples":10000,"ci95":[-0.02163355408388521,0.02075055187637969],"difference_k_minus_k4":-0.0004415011037527594,"mean_k":0.33863134657836647,"mean_k4":0.3390728476821192,"n":2265,"p_two_sided":0.9748,"seed":1196275776856963608}}}},"model":"mistral7b","schema_version":"k2-public-significance-v1","source_sha256":"4547f8e49996e36c84df15457ec3e5560b42bd174b97b3ab476fc62d15333a4c","split":"heldout"}
