{"bootstrap_samples":10000,"bootstrap_seed":0,"comparisons":{"gated_vs_always_seven_model":{"arm_a":"routed_gated","arm_b":"routed_always","schema_version":"k2-answer-paired-comparison-v1","split":"heldout","statistics":{"by_domain":{"champ":{"bootstrap_samples":10000,"ci95":[-0.0670391061452514,0.00558659217877095],"difference_k_minus_k4":-0.027932960893854747,"mean_k":0.055865921787709494,"mean_k4":0.08379888268156424,"n":179,"p_two_sided":0.1604,"seed":6478196806412211969},"logicbench":{"bootstrap_samples":10000,"ci95":[0.10032894736842106,0.18585526315789475],"difference_k_minus_k4":0.14309210526315788,"mean_k":0.36019736842105265,"mean_k4":0.21710526315789475,"n":608,"p_two_sided":0.0,"seed":4953840242993860199},"medcalcbench":{"bootstrap_samples":10000,"ci95":[-0.019318181818181818,0.023863636363636365],"difference_k_minus_k4":0.0022727272727272726,"mean_k":0.07954545454545454,"mean_k4":0.07727272727272727,"n":880,"p_two_sided":0.8676,"seed":5465177774382042987},"theoremqa":{"bootstrap_samples":10000,"ci95":[-0.03678929765886288,0.008361204013377926],"difference_k_minus_k4":-0.013377926421404682,"mean_k":0.14046822742474915,"mean_k4":0.15384615384615385,"n":598,"p_two_sided":0.276,"seed":3792755314493656167}},"pooled_instances":{"bootstrap_samples":10000,"ci95":[0.017218543046357615,0.04944812362030905],"difference_k_minus_k4":0.033554083885209716,"mean_k":0.16909492273730684,"mean_k4":0.13554083885209714,"n":2265,"p_two_sided":0.0,"seed":5649428430387317576}}}},"model":"deepseek7b","schema_version":"k2-public-significance-v1","source_sha256":"4547f8e49996e36c84df15457ec3e5560b42bd174b97b3ab476fc62d15333a4c","split":"heldout"}
