{"bootstrap_samples":10000,"bootstrap_seed":0,"comparisons":{"gated_vs_always_seven_model":{"arm_a":"routed_gated","arm_b":"routed_always","schema_version":"k2-answer-paired-comparison-v1","split":"heldout","statistics":{"by_domain":{"champ":{"bootstrap_samples":10000,"ci95":[-0.027932960893854747,0.0782122905027933],"difference_k_minus_k4":0.0223463687150838,"mean_k":0.5865921787709497,"mean_k4":0.5642458100558659,"n":179,"p_two_sided":0.4722,"seed":7182398390404774099},"logicbench":{"bootstrap_samples":10000,"ci95":[-0.001644736842105263,0.07730263157894737],"difference_k_minus_k4":0.03782894736842105,"mean_k":0.7220394736842105,"mean_k4":0.6842105263157895,"n":608,"p_two_sided":0.0648,"seed":5250937579964305579},"medcalcbench":{"bootstrap_samples":10000,"ci95":[-0.015909090909090907,0.029545454545454545],"difference_k_minus_k4":0.006818181818181818,"mean_k":0.8045454545454546,"mean_k4":0.7977272727272727,"n":880,"p_two_sided":0.599,"seed":545547480111424954},"theoremqa":{"bootstrap_samples":10000,"ci95":[-0.03511705685618729,0.01839464882943144],"difference_k_minus_k4":-0.008361204013377926,"mean_k":0.6956521739130435,"mean_k4":0.7040133779264214,"n":598,"p_two_sided":0.58,"seed":5995663232292861543}},"pooled_instances":{"bootstrap_samples":10000,"ci95":[-0.003973509933774834,0.02869757174392936],"difference_k_minus_k4":0.012362030905077263,"mean_k":0.7364238410596027,"mean_k4":0.7240618101545254,"n":2265,"p_two_sided":0.148,"seed":1717476180956868540}}},"gated_vs_select_five_model":{"arm_a":"routed_gated","arm_b":"routed_select","schema_version":"k2-answer-paired-comparison-v1","split":"heldout","statistics":{"by_domain":{"champ":{"bootstrap_samples":10000,"ci95":[-0.055865921787709494,0.0670391061452514],"difference_k_minus_k4":0.00558659217877095,"mean_k":0.5865921787709497,"mean_k4":0.5810055865921788,"n":179,"p_two_sided":0.9328,"seed":8993941307476136774},"logicbench":{"bootstrap_samples":10000,"ci95":[-0.12006578947368421,-0.03618421052631579],"difference_k_minus_k4":-0.07730263157894737,"mean_k":0.7220394736842105,"mean_k4":0.7993421052631579,"n":608,"p_two_sided":0.0004,"seed":6262489782225257182},"medcalcbench":{"bootstrap_samples":10000,"ci95":[-0.014772727272727272,0.03295454545454545],"difference_k_minus_k4":0.00909090909090909,"mean_k":0.8045454545454546,"mean_k4":0.7954545454545454,"n":880,"p_two_sided":0.4858,"seed":6943816075193428236},"theoremqa":{"bootstrap_samples":10000,"ci95":[-0.05518394648829431,0.0033862876254174517],"difference_k_minus_k4":-0.02508361204013378,"mean_k":0.6956521739130435,"mean_k4":0.7207357859531772,"n":598,"p_two_sided":0.108,"seed":2710231222664779882}},"pooled_instances":{"bootstrap_samples":10000,"ci95":[-0.04105960264900662,-0.006181015452538631],"difference_k_minus_k4":-0.023399558498896248,"mean_k":0.7364238410596027,"mean_k4":0.7598233995584989,"n":2265,"p_two_sided":0.008,"seed":1125210931823045003}}},"select_vs_always_five_model":{"arm_a":"routed_select","arm_b":"routed_always","schema_version":"k2-answer-paired-comparison-v1","split":"heldout","statistics":{"by_domain":{"champ":{"bootstrap_samples":10000,"ci95":[-0.055865921787709494,0.08379888268156424],"difference_k_minus_k4":0.01675977653631285,"mean_k":0.5810055865921788,"mean_k4":0.5642458100558659,"n":179,"p_two_sided":0.72,"seed":1816038073964948874},"logicbench":{"bootstrap_samples":10000,"ci95":[0.07236842105263158,0.15789473684210525],"difference_k_minus_k4":0.11513157894736842,"mean_k":0.7993421052631579,"mean_k4":0.6842105263157895,"n":608,"p_two_sided":0.0,"seed":9159966321587136767},"medcalcbench":{"bootstrap_samples":10000,"ci95":[-0.025,0.020454545454545454],"difference_k_minus_k4":-0.0022727272727272726,"mean_k":0.7954545454545454,"mean_k4":0.7977272727272727,"n":880,"p_two_sided":0.8662,"seed":4410657621711655275},"theoremqa":{"bootstrap_samples":10000,"ci95":[-0.011705685618729096,0.0451505016722408],"difference_k_minus_k4":0.016722408026755852,"mean_k":0.7207357859531772,"mean_k4":0.7040133779264214,"n":598,"p_two_sided":0.2676,"seed":3805561829264342480}},"pooled_instances":{"bootstrap_samples":10000,"ci95":[0.018101545253863136,0.053421633554083886],"difference_k_minus_k4":0.03576158940397351,"mean_k":0.7598233995584989,"mean_k4":0.7240618101545254,"n":2265,"p_two_sided":0.0,"seed":2426913327702554885}}}},"model":"qwen35-9b","schema_version":"k2-public-significance-v1","source_sha256":"4547f8e49996e36c84df15457ec3e5560b42bd174b97b3ab476fc62d15333a4c","split":"heldout"}
